id;direccion;fecha_alta;fecha_entrega;username
1;burly woot for;2024-05-22T23:04:01;2024-05-23T12:05:57;dandle dreamily
2;atomise timber midst;2024-05-22T19:03:51;2024-05-22T16:24:07;however
3;upon bitterly;2024-05-22T19:52:06;2024-05-23T11:37:14;easily researches trinket
4;alienated queen;2024-05-23T00:08:13;2024-05-22T19:18:07;scope including at
5;unaccountably;2024-05-23T13:18:16;2024-05-23T13:06:18;next brave
6;pro adored barring;2024-05-23T01:25:14;2024-05-22T18:32:02;motivate partition salsa
7;summarise likewise whisker;2024-05-23T04:46:58;2024-05-22T23:05:58;why chubby complete
8;propose squeegee;2024-05-23T06:36:28;2024-05-23T12:26:19;through duh diligently
9;judicious instead;2024-05-23T03:44:44;2024-05-23T04:25:32;once hypothermia numb
10;oeuvre;2024-05-23T13:51:36;2024-05-23T03:48:26;furiously
