id;username;password;email;nombre;apellido;direccion;fecha_alta
1;hm cop cautiously;per linen;Lourdes74@yahoo.com;gosh;oh critique countess;though painfully;2024-05-21T17:16:23
2;vex snoopy meh;admin romanticize;Margarita_ManzanaresNazario@gmail.com;sour;inferior unimpressively;um gently;2024-05-21T15:54:26
3;besides ripple wise;till;Caridad_PalominoOrosco@hotmail.com;hm;instruct;duh;2024-05-21T12:48:58
4;sheepishly smooth spite;correctly welcome;Josefina_TamezMelgar31@yahoo.com;reduction;sans since;challenge leave;2024-05-22T06:19:11
5;sociable correctly;parka;Diana_VillegasMontoya6@yahoo.com;oh crawdad innovation;garrison hm;wrongly;2024-05-21T09:38:43
6;collect;mustard;Conchita.GaribayVeliz@yahoo.com;tired as outrageous;ack twilight;qua ligula;2024-05-21T22:04:09
7;discourse outrageous;after owe hence;Florencia1@gmail.com;masculine;whenever rightfully hence;searchingly skinny fondly;2024-05-21T13:44:41
8;hoover whose;inwardly midst aside;Marcos_EsquivelCastillo@yahoo.com;greedily;thankfully;ouch weight as;2024-05-22T07:14:28
9;hideous;including stealthily incise;LuisMiguel_FigueroaArenas@hotmail.com;as;how;provided;2024-05-21T17:51:38
10;next thorough;bombard speed poet;Juana.MunguiaTerrazas45@hotmail.com;turbulent paste;blacken redraw barbecue;evenly grizzled;2024-05-21T21:46:41
